projectName; entityName; pattern; metricValue; NOM; NOF; NORM; NSM; NSF; WMC; DIT; NSC; LCOM; SIX; 
axion-1.0-M2; org.axiondb.jdbc.ConnectionFactory; factory; 3; 2.000000; 0.000000; 0.000000; 0.000000; 1.000000; 4.000000; 1.000000; 2.000000; 0.000000; 0.000000; 
axion-1.0-M2; org.axiondb.Database; factory; 5; 23.000000; 0.000000; 0.000000; 0.000000; 0.000000; 23.000000; 0.000000; 3.000000; 0.000000; 0.000000; 
axion-1.0-M2; org.axiondb.engine.SnapshotIsolationTransaction; factory; 6; 39.000000; 5.000000; 0.000000; 0.000000; 1.000000; 50.000000; 1.000000; 0.000000; 0.794000; 0.000000; 
axion-1.0-M2; org.axiondb.types.FileLobLocatorFactory; factory; 5; 4.000000; 1.000000; 0.000000; 0.000000; 2.000000; 6.000000; 1.000000; 0.000000; 0.000000; 0.000000; 
axion-1.0-M2; org.axiondb.engine.MemoryDatabase; factory; 3; 6.000000; 0.000000; 0.000000; 0.000000; 1.000000; 9.000000; 2.000000; 0.000000; 0.000000; 0.000000; 
axion-1.0-M2; org.axiondb.types.FileOffsetLobLocatorFactory; factory; 6; 3.000000; 0.000000; 0.000000; 0.000000; 0.000000; 3.000000; 1.000000; 0.000000; 0.000000; 0.000000; 
axion-1.0-M2; org.axiondb.types.LOBType; factory; 6; 22.000000; 3.000000; 6.000000; 0.000000; 0.000000; 57.000000; 2.000000; 1.000000; 0.667000; 0.545000; 
axion-1.0-M2; org.axiondb.engine.MemoryTableFactory; factory; 4; 2.000000; 0.000000; 0.000000; 0.000000; 0.000000; 2.000000; 1.000000; 0.000000; 0.000000; 0.000000; 
axion-1.0-M2; org.axiondb.engine.DiskDatabase; factory; 3; 12.000000; 1.000000; 0.000000; 0.000000; 2.000000; 45.000000; 2.000000; 0.000000; 0.000000; 0.000000; 
axion-1.0-M2; org.axiondb.engine.BTreeIndexFactory; factory; 5; 2.000000; 0.000000; 0.000000; 0.000000; 0.000000; 3.000000; 1.000000; 0.000000; 0.000000; 0.000000; 
axion-1.0-M2; org.axiondb.engine.DiskTableFactory; factory; 4; 2.000000; 0.000000; 0.000000; 0.000000; 0.000000; 2.000000; 1.000000; 0.000000; 0.000000; 0.000000; 
axion-1.0-M2; org.axiondb.engine.ArrayIndexFactory; factory; 4; 2.000000; 0.000000; 0.000000; 0.000000; 0.000000; 3.000000; 1.000000; 0.000000; 0.000000; 0.000000; 
axion-1.0-M2; org.axiondb.DataTypeFactory; factory; 4; 1.000000; 0.000000; 0.000000; 0.000000; 0.000000; 1.000000; 0.000000; 1.000000; 0.000000; 0.000000; 
collections-3.2.1; org.apache.commons.collections.collection.TransformedCollection; factory; 5; 5.000000; 1.000000; 2.000000; 1.000000; 1.000000; 8.000000; 3.000000; 4.000000; 0.000000; 1.200000; 
collections-3.2.1; org.apache.commons.collections.map.TypedMap; factory; 4; 1.000000; 0.000000; 0.000000; 1.000000; 0.000000; 2.000000; 1.000000; 0.000000; 0.000000; 0.000000; 
collections-3.2.1; org.apache.commons.collections.map.MultiValueMap; factory; 6; 15.000000; 2.000000; 5.000000; 3.000000; 0.000000; 40.000000; 2.000000; 0.000000; 0.625000; 0.667000; 
collections-3.2.1; org.apache.commons.collections.map.UnmodifiableOrderedMap; factory; 5; 12.000000; 0.000000; 6.000000; 1.000000; 1.000000; 14.000000; 3.000000; 0.000000; 0.000000; 1.500000; 
collections-3.2.1; org.apache.commons.collections.list.SetUniqueList; factory; 5; 18.000000; 1.000000; 5.000000; 1.000000; 1.000000; 26.000000; 4.000000; 0.000000; 0.000000; 1.111000; 
collections-3.2.1; org.apache.commons.collections.bag.PredicatedSortedBag; factory; 7; 5.000000; 0.000000; 0.000000; 1.000000; 1.000000; 6.000000; 5.000000; 0.000000; 0.000000; 0.000000; 
collections-3.2.1; org.apache.commons.collections.TestFactoryUtils; factory; 4; 18.000000; 0.000000; 2.000000; 2.000000; 0.000000; 28.000000; 3.000000; 0.000000; 0.000000; 0.333000; 
collections-3.2.1; org.apache.commons.collections.functors.TransformerPredicate; factory; 4; 3.000000; 1.000000; 0.000000; 1.000000; 1.000000; 7.000000; 1.000000; 0.000000; 0.000000; 0.000000; 
collections-3.2.1; org.apache.commons.collections.functors.ForClosure; factory; 2; 4.000000; 2.000000; 0.000000; 1.000000; 1.000000; 9.000000; 1.000000; 0.000000; 0.333000; 0.000000; 
collections-3.2.1; org.apache.commons.collections.functors.NullPredicate; factory; 3; 2.000000; 0.000000; 0.000000; 1.000000; 2.000000; 3.000000; 1.000000; 0.000000; 0.000000; 0.000000; 
collections-3.2.1; org.apache.commons.collections.list.TransformedList; factory; 5; 12.000000; 0.000000; 0.000000; 1.000000; 1.000000; 13.000000; 4.000000; 0.000000; 0.000000; 0.000000; 
collections-3.2.1; org.apache.commons.collections.map.LazySortedMap; factory; 5; 9.000000; 0.000000; 0.000000; 2.000000; 1.000000; 11.000000; 3.000000; 0.000000; 0.000000; 0.000000; 
collections-3.2.1; org.apache.commons.collections.functors.TruePredicate; factory; 3; 2.000000; 0.000000; 0.000000; 1.000000; 2.000000; 3.000000; 1.000000; 0.000000; 0.000000; 0.000000; 
collections-3.2.1; org.apache.commons.collections.functors.StringValueTransformer; factory; 4; 2.000000; 0.000000; 0.000000; 1.000000; 2.000000; 3.000000; 1.000000; 0.000000; 0.000000; 0.000000; 
collections-3.2.1; org.apache.commons.collections.bag.UnmodifiableBag; factory; 3; 13.000000; 0.000000; 10.000000; 1.000000; 1.000000; 15.000000; 3.000000; 0.000000; 0.000000; 2.308000; 
collections-3.2.1; org.apache.commons.collections.map.TestDefaultedMap; factory; 4; 7.000000; 0.000000; 2.000000; 2.000000; 1.000000; 9.000000; 6.000000; 0.000000; 0.000000; 1.714000; 
collections-3.2.1; org.apache.commons.collections.bidimap.UnmodifiableBidiMap; factory; 5; 11.000000; 1.000000; 7.000000; 1.000000; 0.000000; 14.000000; 3.000000; 0.000000; 0.000000; 1.909000; 
collections-3.2.1; org.apache.commons.collections.bidimap.UnmodifiableOrderedBidiMap; factory; 6; 13.000000; 1.000000; 9.000000; 1.000000; 0.000000; 16.000000; 4.000000; 0.000000; 0.000000; 2.769000; 
collections-3.2.1; org.apache.commons.collections.functors.ExceptionPredicate; factory; 3; 2.000000; 0.000000; 0.000000; 1.000000; 2.000000; 3.000000; 1.000000; 0.000000; 0.000000; 0.000000; 
collections-3.2.1; org.apache.commons.collections.TransformerUtils; factory; 4; 1.000000; 0.000000; 0.000000; 22.000000; 0.000000; 25.000000; 1.000000; 0.000000; 0.000000; 0.000000; 
collections-3.2.1; org.apache.commons.collections.functors.WhileClosure; factory; 4; 5.000000; 3.000000; 0.000000; 1.000000; 1.000000; 10.000000; 1.000000; 0.000000; 0.500000; 0.000000; 
collections-3.2.1; org.apache.commons.collections.iterators.TestUnmodifiableMapIterator; factory; 5; 9.000000; 0.000000; 2.000000; 1.000000; 0.000000; 11.000000; 7.000000; 0.000000; 0.000000; 1.556000; 
collections-3.2.1; org.apache.commons.collections.map.TestUnmodifiableMap; factory; 5; 9.000000; 0.000000; 5.000000; 2.000000; 0.000000; 12.000000; 7.000000; 0.000000; 0.000000; 3.889000; 
collections-3.2.1; org.apache.commons.collections.map.PredicatedSortedMap; factory; 7; 8.000000; 0.000000; 0.000000; 1.000000; 1.000000; 9.000000; 4.000000; 0.000000; 0.000000; 0.000000; 
collections-3.2.1; org.apache.commons.collections.list.TypedList; factory; 4; 1.000000; 0.000000; 0.000000; 1.000000; 0.000000; 2.000000; 1.000000; 0.000000; 0.000000; 0.000000; 
collections-3.2.1; org.apache.commons.collections.iterators.TestUnmodifiableOrderedMapIterator; factory; 6; 9.000000; 0.000000; 2.000000; 1.000000; 0.000000; 11.000000; 8.000000; 0.000000; 0.000000; 1.778000; 
collections-3.2.1; org.apache.commons.collections.set.PredicatedSet; factory; 6; 2.000000; 0.000000; 0.000000; 1.000000; 1.000000; 3.000000; 4.000000; 1.000000; 0.000000; 0.000000; 
collections-3.2.1; org.apache.commons.collections.comparators.BooleanComparator; factory; 6; 7.000000; 1.000000; 2.000000; 3.000000; 3.000000; 14.000000; 1.000000; 0.000000; 0.000000; 0.286000; 
collections-3.2.1; org.apache.commons.collections.TestBagUtils; factory; 4; 11.000000; 3.000000; 0.000000; 1.000000; 0.000000; 28.000000; 4.000000; 0.000000; 0.800000; 0.000000; 
collections-3.2.1; org.apache.commons.collections.comparators.TestBooleanComparator; factory; 5; 14.000000; 0.000000; 1.000000; 1.000000; 0.000000; 30.000000; 6.000000; 0.000000; 0.000000; 0.429000; 
collections-3.2.1; org.apache.commons.collections.list.PredicatedList; factory; 7; 12.000000; 0.000000; 0.000000; 1.000000; 1.000000; 14.000000; 4.000000; 0.000000; 0.000000; 0.000000; 
collections-3.2.1; org.apache.commons.collections.collection.PredicatedCollection; factory; 8; 4.000000; 1.000000; 2.000000; 1.000000; 1.000000; 9.000000; 3.000000; 4.000000; 0.000000; 1.500000; 
collections-3.2.1; org.apache.commons.collections.bag.TransformedSortedBag; factory; 5; 5.000000; 0.000000; 0.000000; 1.000000; 1.000000; 6.000000; 5.000000; 0.000000; 0.000000; 0.000000; 
collections-3.2.1; org.apache.commons.collections.functors.NullIsTruePredicate; factory; 5; 3.000000; 1.000000; 0.000000; 1.000000; 1.000000; 6.000000; 1.000000; 0.000000; 0.000000; 0.000000; 
collections-3.2.1; org.apache.commons.collections.functors.ExceptionFactory; factory; 3; 2.000000; 0.000000; 0.000000; 1.000000; 2.000000; 3.000000; 1.000000; 0.000000; 0.000000; 0.000000; 
collections-3.2.1; org.apache.commons.collections.functors.AndPredicate; factory; 3; 3.000000; 2.000000; 0.000000; 1.000000; 1.000000; 6.000000; 1.000000; 0.000000; 0.000000; 0.000000; 
collections-3.2.1; org.apache.commons.collections.list.SynchronizedList; factory; 3; 13.000000; 0.000000; 0.000000; 1.000000; 1.000000; 14.000000; 2.000000; 0.000000; 0.000000; 0.000000; 
collections-3.2.1; org.apache.commons.collections.map.ListOrderedMap; factory; 6; 27.000000; 1.000000; 8.000000; 1.000000; 1.000000; 40.000000; 2.000000; 0.000000; 0.000000; 0.593000; 
collections-3.2.1; org.apache.commons.collections.functors.ExceptionClosure; factory; 3; 2.000000; 0.000000; 0.000000; 1.000000; 2.000000; 3.000000; 1.000000; 0.000000; 0.000000; 0.000000; 
collections-3.2.1; org.apache.commons.collections.set.UnmodifiableSortedSet; factory; 4; 13.000000; 0.000000; 10.000000; 1.000000; 1.000000; 15.000000; 4.000000; 0.000000; 0.000000; 3.077000; 
collections-3.2.1; org.apache.commons.collections.functors.NotPredicate; factory; 3; 3.000000; 1.000000; 0.000000; 1.000000; 1.000000; 5.000000; 1.000000; 0.000000; 0.000000; 0.000000; 
collections-3.2.1; org.apache.commons.collections.functors.ChainedClosure; factory; 4; 3.000000; 1.000000; 0.000000; 3.000000; 1.000000; 13.000000; 1.000000; 0.000000; 0.000000; 0.000000; 
collections-3.2.1; org.apache.commons.collections.bag.SynchronizedSortedBag; factory; 4; 6.000000; 0.000000; 0.000000; 1.000000; 1.000000; 7.000000; 3.000000; 0.000000; 0.000000; 0.000000; 
collections-3.2.1; org.apache.commons.collections.Factory; factory; 2; 1.000000; 0.000000; 0.000000; 0.000000; 0.000000; 1.000000; 0.000000; 7.000000; 0.000000; 0.000000; 
collections-3.2.1; org.apache.commons.collections.set.SynchronizedSortedSet; factory; 4; 9.000000; 0.000000; 0.000000; 1.000000; 1.000000; 10.000000; 2.000000; 0.000000; 0.000000; 0.000000; 
collections-3.2.1; org.apache.commons.collections.functors.AllPredicate; factory; 6; 3.000000; 1.000000; 0.000000; 2.000000; 1.000000; 11.000000; 1.000000; 0.000000; 0.000000; 0.000000; 
collections-3.2.1; org.apache.commons.collections.set.TransformedSortedSet; factory; 5; 8.000000; 0.000000; 0.000000; 1.000000; 1.000000; 9.000000; 5.000000; 0.000000; 0.000000; 0.000000; 
collections-3.2.1; org.apache.commons.collections.map.FixedSizeSortedMap; factory; 7; 16.000000; 0.000000; 11.000000; 1.000000; 1.000000; 20.000000; 3.000000; 0.000000; 0.000000; 2.062000; 
collections-3.2.1; org.apache.commons.collections.functors.SwitchClosure; factory; 5; 5.000000; 3.000000; 0.000000; 2.000000; 1.000000; 17.000000; 1.000000; 0.000000; 0.500000; 0.000000; 
collections-3.2.1; org.apache.commons.collections.functors.NotNullPredicate; factory; 3; 2.000000; 0.000000; 0.000000; 1.000000; 2.000000; 3.000000; 1.000000; 0.000000; 0.000000; 0.000000; 
collections-3.2.1; org.apache.commons.collections.bag.UnmodifiableSortedBag; factory; 4; 13.000000; 0.000000; 10.000000; 1.000000; 1.000000; 15.000000; 4.000000; 0.000000; 0.000000; 3.077000; 
collections-3.2.1; org.apache.commons.collections.map.FixedSizeMap; factory; 5; 12.000000; 0.000000; 7.000000; 1.000000; 1.000000; 16.000000; 2.000000; 0.000000; 0.000000; 1.167000; 
collections-3.2.1; org.apache.commons.collections.set.TypedSortedSet; factory; 5; 1.000000; 0.000000; 0.000000; 1.000000; 0.000000; 2.000000; 1.000000; 0.000000; 0.000000; 0.000000; 
collections-3.2.1; org.apache.commons.collections.functors.ClosureTransformer; factory; 3; 3.000000; 1.000000; 0.000000; 1.000000; 1.000000; 5.000000; 1.000000; 0.000000; 0.000000; 0.000000; 
collections-3.2.1; org.apache.commons.collections.functors.FalsePredicate; factory; 3; 2.000000; 0.000000; 0.000000; 1.000000; 2.000000; 3.000000; 1.000000; 0.000000; 0.000000; 0.000000; 
collections-3.2.1; org.apache.commons.collections.map.DefaultedMap; factory; 7; 5.000000; 1.000000; 1.000000; 3.000000; 1.000000; 14.000000; 2.000000; 0.000000; 0.000000; 0.400000; 
collections-3.2.1; org.apache.commons.collections.list.LazyList; factory; 3; 3.000000; 1.000000; 2.000000; 1.000000; 1.000000; 8.000000; 4.000000; 0.000000; 0.000000; 2.667000; 
collections-3.2.1; org.apache.commons.collections.map.LazyMap; factory; 4; 5.000000; 1.000000; 1.000000; 2.000000; 1.000000; 10.000000; 2.000000; 1.000000; 0.000000; 0.400000; 
collections-3.2.1; org.apache.commons.collections.bag.TypedBag; factory; 4; 1.000000; 0.000000; 0.000000; 1.000000; 0.000000; 2.000000; 1.000000; 0.000000; 0.000000; 0.000000; 
collections-3.2.1; org.apache.commons.collections.list.TestSetUniqueList; factory; 5; 20.000000; 1.000000; 6.000000; 2.000000; 0.000000; 30.000000; 7.000000; 0.000000; 0.000000; 2.100000; 
collections-3.2.1; org.apache.commons.collections.collection.UnmodifiableBoundedCollection; factory; 5; 10.000000; 0.000000; 7.000000; 2.000000; 1.000000; 18.000000; 3.000000; 0.000000; 0.000000; 2.100000; 
collections-3.2.1; org.apache.commons.collections.map.PredicatedMap; factory; 6; 8.000000; 2.000000; 3.000000; 1.000000; 1.000000; 16.000000; 3.000000; 1.000000; 0.333000; 1.125000; 
collections-3.2.1; org.apache.commons.collections.functors.FactoryTransformer; factory; 3; 3.000000; 1.000000; 0.000000; 1.000000; 1.000000; 5.000000; 1.000000; 0.000000; 0.000000; 0.000000; 
collections-3.2.1; org.apache.commons.collections.iterators.TestUnmodifiableListIterator; factory; 5; 8.000000; 2.000000; 3.000000; 1.000000; 0.000000; 10.000000; 7.000000; 0.000000; 1.000000; 2.625000; 
collections-3.2.1; org.apache.commons.collections.iterators.TestUnmodifiableIterator; factory; 4; 6.000000; 2.000000; 1.000000; 1.000000; 0.000000; 8.000000; 6.000000; 0.000000; 1.000000; 1.000000; 
collections-3.2.1; org.apache.commons.collections.functors.ConstantTransformer; factory; 3; 3.000000; 1.000000; 0.000000; 1.000000; 2.000000; 5.000000; 1.000000; 0.000000; 0.000000; 0.000000; 
collections-3.2.1; org.apache.commons.collections.functors.ChainedTransformer; factory; 4; 3.000000; 1.000000; 0.000000; 3.000000; 1.000000; 13.000000; 1.000000; 0.000000; 0.000000; 0.000000; 
collections-3.2.1; org.apache.commons.collections.ListUtils; factory; 4; 1.000000; 0.000000; 0.000000; 15.000000; 1.000000; 33.000000; 1.000000; 0.000000; 0.000000; 0.000000; 
collections-3.2.1; org.apache.commons.collections.functors.IdentityPredicate; factory; 4; 3.000000; 1.000000; 0.000000; 1.000000; 1.000000; 5.000000; 1.000000; 0.000000; 0.000000; 0.000000; 
collections-3.2.1; org.apache.commons.collections.TestTransformerUtils; factory; 4; 19.000000; 0.000000; 2.000000; 2.000000; 3.000000; 48.000000; 3.000000; 0.000000; 0.000000; 0.316000; 
collections-3.2.1; org.apache.commons.collections.map.UnmodifiableMap; factory; 4; 11.000000; 0.000000; 4.000000; 1.000000; 1.000000; 14.000000; 2.000000; 0.000000; 0.000000; 0.727000; 
collections-3.2.1; org.apache.commons.collections.buffer.BlockingBuffer; factory; 5; 8.000000; 1.000000; 4.000000; 2.000000; 1.000000; 24.000000; 3.000000; 0.000000; 0.000000; 1.500000; 
collections-3.2.1; org.apache.commons.collections.set.PredicatedSortedSet; factory; 7; 8.000000; 0.000000; 0.000000; 1.000000; 1.000000; 9.000000; 5.000000; 0.000000; 0.000000; 0.000000; 
collections-3.2.1; org.apache.commons.collections.buffer.UnmodifiableBuffer; factory; 3; 11.000000; 0.000000; 8.000000; 1.000000; 1.000000; 13.000000; 3.000000; 0.000000; 0.000000; 2.182000; 
collections-3.2.1; org.apache.commons.collections.collection.SynchronizedCollection; factory; 4; 18.000000; 2.000000; 3.000000; 1.000000; 1.000000; 22.000000; 1.000000; 5.000000; 0.033000; 0.167000; 
collections-3.2.1; org.apache.commons.collections.functors.NullIsExceptionPredicate; factory; 5; 3.000000; 1.000000; 0.000000; 1.000000; 1.000000; 6.000000; 1.000000; 0.000000; 0.000000; 0.000000; 
collections-3.2.1; org.apache.commons.collections.map.TestLazySortedMap; factory; 6; 10.000000; 0.000000; 4.000000; 2.000000; 2.000000; 14.000000; 7.000000; 0.000000; 0.000000; 2.800000; 
collections-3.2.1; org.apache.commons.collections.map.UnmodifiableEntrySet; factory; 4; 10.000000; 0.000000; 9.000000; 1.000000; 0.000000; 17.000000; 3.000000; 0.000000; 0.000000; 2.700000; 
collections-3.2.1; org.apache.commons.collections.map.TestTransformedSortedMap; factory; 7; 7.000000; 0.000000; 2.000000; 2.000000; 0.000000; 13.000000; 7.000000; 0.000000; 0.000000; 2.000000; 
collections-3.2.1; org.apache.commons.collections.map.TestUnmodifiableSortedMap; factory; 6; 9.000000; 0.000000; 5.000000; 2.000000; 0.000000; 12.000000; 7.000000; 0.000000; 0.000000; 3.889000; 
collections-3.2.1; org.apache.commons.collections.set.TransformedSet; factory; 4; 1.000000; 0.000000; 0.000000; 1.000000; 1.000000; 2.000000; 4.000000; 1.000000; 0.000000; 0.000000; 
collections-3.2.1; org.apache.commons.collections.set.ListOrderedSet; factory; 5; 19.000000; 1.000000; 10.000000; 3.000000; 1.000000; 38.000000; 4.000000; 0.000000; 0.000000; 2.105000; 
collections-3.2.1; org.apache.commons.collections.bag.TransformedBag; factory; 5; 6.000000; 0.000000; 0.000000; 1.000000; 1.000000; 7.000000; 4.000000; 1.000000; 0.000000; 0.000000; 
collections-3.2.1; org.apache.commons.collections.functors.PrototypeFactory; factory; 4; 1.000000; 0.000000; 0.000000; 1.000000; 0.000000; 6.000000; 1.000000; 0.000000; 0.000000; 0.000000; 
collections-3.2.1; org.apache.commons.collections.set.UnmodifiableSet; factory; 3; 8.000000; 0.000000; 7.000000; 1.000000; 1.000000; 10.000000; 4.000000; 0.000000; 0.000000; 3.500000; 
collections-3.2.1; org.apache.commons.collections.functors.IfClosure; factory; 3; 6.000000; 3.000000; 0.000000; 2.000000; 1.000000; 12.000000; 1.000000; 0.000000; 0.500000; 0.000000; 
collections-3.2.1; org.apache.commons.collections.functors.NOPClosure; factory; 3; 2.000000; 0.000000; 0.000000; 1.000000; 2.000000; 3.000000; 1.000000; 0.000000; 0.000000; 0.000000; 
collections-3.2.1; org.apache.commons.collections.functors.TransformedPredicate; factory; 4; 4.000000; 2.000000; 0.000000; 1.000000; 1.000000; 7.000000; 1.000000; 0.000000; 0.333000; 0.000000; 
collections-3.2.1; org.apache.commons.collections.list.UnmodifiableList; factory; 3; 15.000000; 0.000000; 14.000000; 1.000000; 1.000000; 17.000000; 4.000000; 0.000000; 0.000000; 3.733000; 
collections-3.2.1; org.apache.commons.collections.functors.ExceptionTransformer; factory; 3; 2.000000; 0.000000; 0.000000; 1.000000; 2.000000; 3.000000; 1.000000; 0.000000; 0.000000; 0.000000; 
collections-3.2.1; org.apache.commons.collections.functors.AnyPredicate; factory; 6; 3.000000; 1.000000; 0.000000; 2.000000; 1.000000; 11.000000; 1.000000; 0.000000; 0.000000; 0.000000; 
collections-3.2.1; org.apache.commons.collections.functors.NullIsFalsePredicate; factory; 5; 3.000000; 1.000000; 0.000000; 1.000000; 1.000000; 6.000000; 1.000000; 0.000000; 0.000000; 0.000000; 
collections-3.2.1; org.apache.commons.collections.map.TransformedMap; factory; 3; 10.000000; 2.000000; 3.000000; 2.000000; 1.000000; 17.000000; 3.000000; 1.000000; 0.500000; 0.900000; 
collections-3.2.1; org.apache.commons.collections.functors.ConstantFactory; factory; 3; 3.000000; 1.000000; 0.000000; 1.000000; 2.000000; 5.000000; 1.000000; 0.000000; 0.000000; 0.000000; 
collections-3.2.1; org.apache.commons.collections.buffer.BoundedBuffer; factory; 5; 8.000000; 2.000000; 4.000000; 2.000000; 1.000000; 18.000000; 3.000000; 0.000000; 0.250000; 1.500000; 
collections-3.2.1; org.apache.commons.collections.map.TransformedSortedMap; factory; 6; 8.000000; 0.000000; 0.000000; 2.000000; 1.000000; 11.000000; 4.000000; 0.000000; 0.000000; 0.000000; 
collections-3.2.1; org.apache.commons.collections.functors.InstantiateFactory; factory; 4; 4.000000; 4.000000; 0.000000; 1.000000; 1.000000; 20.000000; 1.000000; 0.000000; 0.500000; 0.000000; 
collections-3.2.1; org.apache.commons.collections.collection.TypedCollection; factory; 5; 1.000000; 0.000000; 0.000000; 1.000000; 0.000000; 2.000000; 1.000000; 0.000000; 0.000000; 0.000000; 
collections-3.2.1; org.apache.commons.collections.map.TestUnmodifiableOrderedMap; factory; 6; 9.000000; 0.000000; 5.000000; 2.000000; 0.000000; 12.000000; 8.000000; 0.000000; 0.000000; 4.444000; 
collections-3.2.1; org.apache.commons.collections.list.FixedSizeList; factory; 4; 20.000000; 0.000000; 17.000000; 1.000000; 1.000000; 21.000000; 4.000000; 0.000000; 0.000000; 3.400000; 
collections-3.2.1; org.apache.commons.collections.map.TestTransformedMap; factory; 6; 6.000000; 0.000000; 1.000000; 2.000000; 0.000000; 10.000000; 6.000000; 0.000000; 0.000000; 1.000000; 
collections-3.2.1; org.apache.commons.collections.set.SynchronizedSet; factory; 3; 3.000000; 0.000000; 0.000000; 1.000000; 1.000000; 4.000000; 2.000000; 1.000000; 0.000000; 0.000000; 
collections-3.2.1; org.apache.commons.collections.TestMapUtils; factory; 6; 34.000000; 0.000000; 0.000000; 1.000000; 0.000000; 52.000000; 4.000000; 0.000000; 0.000000; 0.000000; 
collections-3.2.1; org.apache.commons.collections.functors.UniquePredicate; factory; 4; 2.000000; 1.000000; 0.000000; 1.000000; 1.000000; 3.000000; 1.000000; 0.000000; 0.000000; 0.000000; 
collections-3.2.1; org.apache.commons.collections.bidimap.UnmodifiableSortedBidiMap; factory; 6; 17.000000; 1.000000; 13.000000; 1.000000; 0.000000; 20.000000; 5.000000; 0.000000; 0.000000; 3.824000; 
collections-3.2.1; org.apache.commons.collections.set.MapBackedSet; factory; 5; 16.000000; 2.000000; 2.000000; 2.000000; 1.000000; 20.000000; 1.000000; 0.000000; 0.429000; 0.125000; 
collections-3.2.1; org.apache.commons.collections.bag.SynchronizedBag; factory; 3; 7.000000; 0.000000; 0.000000; 1.000000; 1.000000; 8.000000; 2.000000; 1.000000; 0.000000; 0.000000; 
collections-3.2.1; org.apache.commons.collections.set.TypedSet; factory; 4; 1.000000; 0.000000; 0.000000; 1.000000; 0.000000; 2.000000; 1.000000; 0.000000; 0.000000; 0.000000; 
collections-3.2.1; org.apache.commons.collections.bag.PredicatedBag; factory; 6; 6.000000; 0.000000; 0.000000; 1.000000; 1.000000; 7.000000; 4.000000; 1.000000; 0.000000; 0.000000; 
collections-3.2.1; org.apache.commons.collections.list.GrowthList; factory; 4; 6.000000; 0.000000; 3.000000; 1.000000; 1.000000; 10.000000; 4.000000; 0.000000; 0.000000; 2.000000; 
collections-3.2.1; org.apache.commons.collections.functors.InstanceofPredicate; factory; 5; 3.000000; 1.000000; 0.000000; 1.000000; 1.000000; 5.000000; 1.000000; 0.000000; 0.000000; 0.000000; 
collections-3.2.1; org.apache.commons.collections.functors.NOPTransformer; factory; 3; 2.000000; 0.000000; 0.000000; 1.000000; 2.000000; 3.000000; 1.000000; 0.000000; 0.000000; 0.000000; 
collections-3.2.1; org.apache.commons.collections.collection.UnmodifiableCollection; factory; 4; 8.000000; 0.000000; 7.000000; 1.000000; 1.000000; 10.000000; 3.000000; 0.000000; 0.000000; 2.625000; 
collections-3.2.1; org.apache.commons.collections.buffer.TypedBuffer; factory; 4; 1.000000; 0.000000; 0.000000; 1.000000; 0.000000; 2.000000; 1.000000; 0.000000; 0.000000; 0.000000; 
collections-3.2.1; org.apache.commons.collections.iterators.TestArrayIterator2; factory; 5; 11.000000; 1.000000; 1.000000; 1.000000; 0.000000; 24.000000; 6.000000; 1.000000; 0.000000; 0.545000; 
collections-3.2.1; org.apache.commons.collections.bag.TypedSortedBag; factory; 5; 1.000000; 0.000000; 0.000000; 1.000000; 0.000000; 2.000000; 1.000000; 0.000000; 0.000000; 0.000000; 
collections-3.2.1; org.apache.commons.collections.buffer.SynchronizedBuffer; factory; 3; 5.000000; 0.000000; 0.000000; 1.000000; 1.000000; 6.000000; 2.000000; 2.000000; 0.000000; 0.000000; 
collections-3.2.1; org.apache.commons.collections.MapUtils; factory; 9; 1.000000; 0.000000; 0.000000; 68.000000; 3.000000; 151.000000; 1.000000; 0.000000; 0.000000; 0.000000; 
collections-3.2.1; org.apache.commons.collections.functors.OrPredicate; factory; 3; 3.000000; 2.000000; 0.000000; 1.000000; 1.000000; 6.000000; 1.000000; 0.000000; 0.000000; 0.000000; 
collections-3.2.1; org.apache.commons.collections.map.UnmodifiableSortedMap; factory; 5; 16.000000; 0.000000; 10.000000; 1.000000; 1.000000; 18.000000; 3.000000; 0.000000; 0.000000; 1.875000; 
collections-3.2.1; org.apache.commons.collections.buffer.PredicatedBuffer; factory; 6; 4.000000; 0.000000; 0.000000; 1.000000; 1.000000; 5.000000; 4.000000; 0.000000; 0.000000; 0.000000; 
collections-3.2.1; org.apache.commons.collections.functors.TransformerClosure; factory; 3; 3.000000; 1.000000; 0.000000; 1.000000; 1.000000; 5.000000; 1.000000; 0.000000; 0.000000; 0.000000; 
collections-3.2.1; org.apache.commons.collections.functors.PredicateTransformer; factory; 4; 3.000000; 1.000000; 0.000000; 1.000000; 1.000000; 6.000000; 1.000000; 0.000000; 0.000000; 0.000000; 
collections-3.2.1; org.apache.commons.collections.functors.SwitchTransformer; factory; 5; 5.000000; 3.000000; 0.000000; 2.000000; 1.000000; 17.000000; 1.000000; 0.000000; 0.500000; 0.000000; 
collections-3.2.1; org.apache.commons.collections.functors.NonePredicate; factory; 7; 3.000000; 1.000000; 0.000000; 2.000000; 1.000000; 9.000000; 1.000000; 0.000000; 0.000000; 0.000000; 
collections-3.2.1; org.apache.commons.collections.buffer.TransformedBuffer; factory; 4; 4.000000; 0.000000; 0.000000; 1.000000; 1.000000; 5.000000; 4.000000; 0.000000; 0.000000; 0.000000; 
collections-3.2.1; org.apache.commons.collections.map.TestLazyMap; factory; 4; 6.000000; 0.000000; 2.000000; 2.000000; 2.000000; 8.000000; 6.000000; 0.000000; 0.000000; 2.000000; 
collections-3.2.1; org.apache.commons.collections.map.TypedSortedMap; factory; 5; 1.000000; 0.000000; 0.000000; 1.000000; 0.000000; 2.000000; 1.000000; 0.000000; 0.000000; 0.000000; 
collections-3.2.1; org.apache.commons.collections.functors.CloneTransformer; factory; 3; 2.000000; 0.000000; 0.000000; 1.000000; 2.000000; 4.000000; 1.000000; 0.000000; 0.000000; 0.000000; 
collections-3.2.1; org.apache.commons.collections.functors.MapTransformer; factory; 4; 3.000000; 1.000000; 0.000000; 1.000000; 1.000000; 5.000000; 1.000000; 0.000000; 0.000000; 0.000000; 
collections-3.2.1; org.apache.commons.collections.functors.EqualPredicate; factory; 4; 3.000000; 1.000000; 0.000000; 1.000000; 1.000000; 5.000000; 1.000000; 0.000000; 0.000000; 0.000000; 
collections-3.2.1; org.apache.commons.collections.functors.OnePredicate; factory; 6; 3.000000; 1.000000; 0.000000; 2.000000; 1.000000; 10.000000; 1.000000; 0.000000; 0.000000; 0.000000; 
collections-3.2.1; org.apache.commons.collections.FactoryUtils; factory; 3; 1.000000; 0.000000; 0.000000; 6.000000; 0.000000; 7.000000; 1.000000; 0.000000; 0.000000; 0.000000; 
galleon-2.3.0; org.lnicholls.galleon.togo.TiVoSSLProtocolSocketFactory; factory; 1; 6.000000; 1.000000; 0.000000; 0.000000; 1.000000; 8.000000; 1.000000; 0.000000; 0.000000; 0.000000; 
galleon-2.3.0; org.lnicholls.galleon.togo.TiVoX509TrustManager; factory; 1; 4.000000; 1.000000; 0.000000; 0.000000; 2.000000; 21.000000; 1.000000; 0.000000; 0.000000; 0.000000; 
galleon-2.3.0; org.lnicholls.galleon.app.AppHost; factory; 4; 17.000000; 6.000000; 0.000000; 5.000000; 3.000000; 79.000000; 1.000000; 0.000000; 0.667000; 0.000000; 
galleon-2.3.0; org.lnicholls.galleon.app.AppManager; factory; 4; 13.000000; 10.000000; 0.000000; 1.000000; 1.000000; 68.000000; 1.000000; 0.000000; 0.883000; 0.000000; 
galleon-2.3.0; org.lnicholls.galleon.app.AppFactory; factory; 1; 11.000000; 1.000000; 0.000000; 0.000000; 1.000000; 26.000000; 2.000000; 22.000000; 0.000000; 0.000000; 
galleon-2.3.0; org.lnicholls.galleon.util.DummySSLSocketFactory; factory; 5; 8.000000; 1.000000; 0.000000; 1.000000; 0.000000; 10.000000; 3.000000; 0.000000; 0.000000; 0.000000; 
informa-0.7.0-alpha2; de.nava.informa.utils.Atom030Settings; factory; 3; 2.000000; 1.000000; 0.000000; 0.000000; 0.000000; 5.000000; 1.000000; 0.000000; 0.000000; 0.000000; 
informa-0.7.0-alpha2; de.nava.informa.utils.RSS200Settings; factory; 3; 2.000000; 1.000000; 0.000000; 0.000000; 0.000000; 5.000000; 1.000000; 0.000000; 0.000000; 0.000000; 
informa-0.7.0-alpha2; de.nava.informa.impl.hibernate.ChannelBuilder; factory; 2; 32.000000; 3.000000; 0.000000; 0.000000; 1.000000; 70.000000; 1.000000; 0.000000; 0.549000; 0.000000; 
informa-0.7.0-alpha2; de.nava.informa.impl.hibernate.SessionHandler; factory; 5; 6.000000; 4.000000; 0.000000; 2.000000; 2.000000; 12.000000; 1.000000; 0.000000; 0.750000; 0.000000; 
informa-0.7.0-alpha2; de.nava.informa.utils.toolkit.WorkersManager; factory; 4; 7.000000; 3.000000; 0.000000; 0.000000; 2.000000; 14.000000; 1.000000; 0.000000; 0.667000; 0.000000; 
informa-0.7.0-alpha2; de.nava.informa.impl.basic.ChannelBuilder; factory; 5; 21.000000; 0.000000; 0.000000; 0.000000; 1.000000; 23.000000; 1.000000; 0.000000; 0.000000; 0.000000; 
informa-0.7.0-alpha2; de.nava.informa.utils.RSS100Settings; factory; 3; 2.000000; 1.000000; 0.000000; 0.000000; 0.000000; 6.000000; 1.000000; 0.000000; 0.000000; 0.000000; 
jext-5.0; org.jext.gui.Dockable; factory; 2; 9.000000; 8.000000; 0.000000; 0.000000; 8.000000; 30.000000; 1.000000; 0.000000; 0.833000; 0.000000; 
jext-5.0; org.jext.gui.SkinManager; factory; 3; 1.000000; 0.000000; 0.000000; 3.000000; 2.000000; 14.000000; 1.000000; 0.000000; 0.000000; 0.000000; 
jext-5.0; com.jgoodies.uif_lite.component.Factory; factory; 2; 0.000000; 0.000000; 0.000000; 3.000000; 1.000000; 3.000000; 1.000000; 0.000000; 0.000000; 0.000000; 
jext-5.0; org.jext.gui.SkinFactory; factory; 3; 1.000000; 0.000000; 0.000000; 0.000000; 0.000000; 1.000000; 0.000000; 2.000000; 0.000000; 0.000000; 
jext-5.0; org.jext.gui.BundledSkinFactory; factory; 6; 2.000000; 0.000000; 0.000000; 0.000000; 0.000000; 5.000000; 1.000000; 0.000000; 0.000000; 0.000000; 
jext-5.0; org.jext.misc.FindFilter; factory; 4; 1.000000; 0.000000; 0.000000; 0.000000; 0.000000; 1.000000; 0.000000; 2.000000; 0.000000; 0.000000; 
jgraph-5.13.0.0; org.jgraph.graph.CellViewFactory; factory; 4; 1.000000; 0.000000; 0.000000; 0.000000; 0.000000; 1.000000; 0.000000; 2.000000; 0.000000; 0.000000; 
jgraph-5.13.0.0; com.jgraph.io.svg.SVGGraphWriter; factory; 9; 9.000000; 4.000000; 0.000000; 0.000000; 4.000000; 33.000000; 1.000000; 0.000000; 0.833000; 0.000000; 
jgraph-5.13.0.0; org.jgraph.graph.DefaultCellViewFactory; factory; 6; 6.000000; 0.000000; 0.000000; 0.000000; 0.000000; 10.000000; 1.000000; 7.000000; 0.000000; 0.000000; 
jgraph-5.13.0.0; org.jgraph.graph.GraphLayoutCache; factory; 7; 137.000000; 28.000000; 0.000000; 2.000000; 0.000000; 485.000000; 1.000000; 2.000000; 0.959000; 0.000000; 
marauroa-3.8.1; marauroa.server.game.db.DatabaseFactory; factory; 3; 4.000000; 0.000000; 0.000000; 0.000000; 1.000000; 10.000000; 1.000000; 0.000000; 0.000000; 0.000000; 
marauroa-3.8.1; marauroa.server.db.AdapterFactory; factory; 1; 2.000000; 1.000000; 0.000000; 0.000000; 1.000000; 4.000000; 1.000000; 0.000000; 0.000000; 0.000000; 
marauroa-3.8.1; marauroa.server.game.db.DAORegister; factory; 5; 5.000000; 2.000000; 0.000000; 1.000000; 1.000000; 8.000000; 1.000000; 0.000000; 0.500000; 0.000000; 
marauroa-3.8.1; marauroa.server.db.TransactionPool; factory; 3; 12.000000; 9.000000; 0.000000; 2.000000; 2.000000; 29.000000; 1.000000; 0.000000; 0.764000; 0.000000; 
marauroa-3.8.1; marauroa.server.game.rp.RPObjectFactory; factory; 4; 1.000000; 0.000000; 0.000000; 3.000000; 2.000000; 8.000000; 1.000000; 0.000000; 0.000000; 0.000000; 
marauroa-3.8.1; marauroa.common.net.MessageFactory; factory; 3; 5.000000; 0.000000; 0.000000; 1.000000; 3.000000; 12.000000; 1.000000; 0.000000; 0.000000; 0.000000; 
marauroa-3.8.1; marauroa.server.game.db.RPObjectDAO; factory; 5; 12.000000; 1.000000; 0.000000; 0.000000; 1.000000; 21.000000; 1.000000; 0.000000; 0.000000; 0.000000; 
marauroa-3.8.1; marauroa.common.net.Decoder; factory; 2; 3.000000; 2.000000; 0.000000; 2.000000; 2.000000; 13.000000; 1.000000; 0.000000; 0.250000; 0.000000; 
marauroa-3.8.1; marauroa.server.game.rp.NoFactoryConfException; factory; 5; 2.000000; 0.000000; 0.000000; 0.000000; 1.000000; 2.000000; 5.000000; 0.000000; 0.000000; 0.000000; 
marauroa-3.8.1; marauroa.server.game.db.RPZoneDAO; factory; 4; 7.000000; 1.000000; 0.000000; 0.000000; 1.000000; 20.000000; 1.000000; 0.000000; 0.000000; 0.000000; 
nekohtml-1.9.14; org.cyberneko.html.ObjectFactory; factory; 4; 0.000000; 0.000000; 0.000000; 7.000000; 5.000000; 54.000000; 1.000000; 0.000000; 0.000000; 0.000000; 
oscache-2.3; com.opensymphony.oscache.plugins.clustersupport.JMS10BroadcastingListener; factory; 1; 3.000000; 4.000000; 0.000000; 0.000000; 1.000000; 9.000000; 2.000000; 0.000000; 0.500000; 0.000000; 
oscache-2.3; com.opensymphony.oscache.plugins.clustersupport.JMSBroadcastingListener; factory; 6; 3.000000; 4.000000; 0.000000; 0.000000; 1.000000; 9.000000; 2.000000; 0.000000; 0.500000; 0.000000; 
pmd-4.2.5; net.sourceforge.pmd.PMD; factory; 5; 13.000000; 3.000000; 0.000000; 9.000000; 5.000000; 85.000000; 1.000000; 1.000000; 0.733000; 0.000000; 
pmd-4.2.5; net.sourceforge.pmd.sourcetypehandlers.SourceTypeHandlerBroker; factory; 3; 1.000000; 0.000000; 0.000000; 1.000000; 1.000000; 3.000000; 1.000000; 0.000000; 0.000000; 0.000000; 
pmd-4.2.5; net.sourceforge.pmd.RuleSetFactory; factory; 6; 15.000000; 1.000000; 0.000000; 3.000000; 0.000000; 78.000000; 1.000000; 1.000000; 0.000000; 0.000000; 
pmd-4.2.5; net.sourceforge.pmd.ant.Formatter; factory; 2; 14.000000; 8.000000; 1.000000; 2.000000; 1.000000; 26.000000; 1.000000; 0.000000; 0.830000; 0.071000; 
pmd-4.2.5; net.sourceforge.pmd.cpd.LanguageFactory; factory; 1; 5.000000; 0.000000; 0.000000; 0.000000; 5.000000; 12.000000; 1.000000; 0.000000; 0.000000; 0.000000; 
pmd-4.2.5; net.sourceforge.pmd.sourcetypehandlers.JavaTypeHandler; factory; 4; 3.000000; 0.000000; 0.000000; 0.000000; 0.000000; 3.000000; 1.000000; 5.000000; 0.000000; 0.000000; 
quickserver-1.4.7; org.quickserver.util.pool.ClientHandlerObjectFactory; factory; 6; 6.000000; 2.000000; 4.000000; 0.000000; 1.000000; 10.000000; 2.000000; 0.000000; 0.250000; 1.333000; 
quickserver-1.4.7; org.quickserver.net.server.PoolManager; factory; 1; 5.000000; 0.000000; 0.000000; 0.000000; 0.000000; 5.000000; 0.000000; 1.000000; 0.000000; 0.000000; 
quickserver-1.4.7; org.quickserver.net.server.impl.BasicPoolManager; factory; 1; 5.000000; 0.000000; 0.000000; 0.000000; 1.000000; 7.000000; 1.000000; 0.000000; 0.000000; 0.000000; 
quickserver-1.4.7; org.quickserver.util.pool.PoolableObject; factory; 4; 2.000000; 0.000000; 0.000000; 0.000000; 0.000000; 2.000000; 0.000000; 6.000000; 0.000000; 0.000000; 
quickserver-1.4.7; org.quickserver.util.pool.MakeQSObjectPool; factory; 6; 15.000000; 2.000000; 0.000000; 0.000000; 0.000000; 15.000000; 1.000000; 0.000000; 0.385000; 0.000000; 
quickserver-1.4.7; org.quickserver.util.pool.thread.ThreadObjectFactory; factory; 5; 7.000000; 2.000000; 4.000000; 0.000000; 1.000000; 9.000000; 2.000000; 0.000000; 0.500000; 1.143000; 
quickserver-1.4.7; org.quickserver.security.SecureStoreManager; factory; 4; 7.000000; 1.000000; 0.000000; 0.000000; 1.000000; 34.000000; 1.000000; 0.000000; 0.000000; 0.000000; 
quickserver-1.4.7; org.quickserver.util.pool.ByteBufferObjectFactory; factory; 6; 6.000000; 2.000000; 4.000000; 0.000000; 0.000000; 9.000000; 2.000000; 0.000000; 0.000000; 1.333000; 
quickserver-1.4.7; org.quickserver.util.pool.BasicObjectPool; factory; 6; 14.000000; 5.000000; 0.000000; 0.000000; 1.000000; 29.000000; 1.000000; 0.000000; 0.650000; 0.000000; 
quickserver-1.4.7; org.quickserver.security.AccessManager; factory; 4; 31.000000; 0.000000; 30.000000; 0.000000; 0.000000; 31.000000; 2.000000; 0.000000; 0.000000; 1.935000; 
quickserver-1.4.7; org.quickserver.net.server.QuickServer; factory; 1; 153.000000; 74.000000; 1.000000; 9.000000; 3.000000; 476.000000; 1.000000; 0.000000; 0.984000; 0.007000; 
quilt-0.6-a-5; org.quilt.cl.TestClassFactory; factory; 4; 8.000000; 3.000000; 1.000000; 0.000000; 0.000000; 11.000000; 3.000000; 0.000000; 0.667000; 0.375000; 
quilt-0.6-a-5; org.quilt.cl.TestGraphTransformer; factory; 4; 10.000000; 6.000000; 1.000000; 0.000000; 0.000000; 13.000000; 3.000000; 0.000000; 0.595000; 0.300000; 
quilt-0.6-a-5; org.quilt.cover.stmt.ClassAction; factory; 5; 9.000000; 9.000000; 0.000000; 0.000000; 2.000000; 21.000000; 1.000000; 0.000000; 0.593000; 0.000000; 
quilt-0.6-a-5; org.quilt.cl.RunTest; factory; 3; 1.000000; 0.000000; 0.000000; 0.000000; 0.000000; 1.000000; 0.000000; 16.000000; 0.000000; 0.000000; 
quilt-0.6-a-5; org.quilt.cover.stmt.TestStmtCoverage; factory; 6; 7.000000; 10.000000; 1.000000; 0.000000; 0.000000; 18.000000; 3.000000; 0.000000; 0.900000; 0.429000; 
quilt-0.6-a-5; org.quilt.cl.QuiltClassLoader; factory; 9; 28.000000; 14.000000; 2.000000; 3.000000; 10.000000; 87.000000; 4.000000; 0.000000; 0.920000; 0.286000; 
quilt-0.6-a-5; org.quilt.cl.ClassFactory; factory; 3; 11.000000; 1.000000; 0.000000; 1.000000; 1.000000; 20.000000; 1.000000; 0.000000; 0.000000; 0.000000; 
quilt-0.6-a-5; org.quilt.cover.stmt.GraphAction; factory; 4; 4.000000; 6.000000; 0.000000; 2.000000; 2.000000; 9.000000; 1.000000; 0.000000; 1.000000; 0.000000; 
xalan-2.7.1; org.apache.xml.dtm.ref.sax2dtm.SAX2DTM2; factory; 6; 37.000000; 16.000000; 19.000000; 0.000000; 6.000000; 200.000000; 5.000000; 1.000000; 0.856000; 2.568000; 
xalan-2.7.1; javax.xml.transform.stream.StreamResult; factory; 5; 12.000000; 3.000000; 0.000000; 0.000000; 1.000000; 14.000000; 1.000000; 0.000000; 0.667000; 0.000000; 
xalan-2.7.1; javax.xml.datatype.DatatypeFactory; factory; 15; 22.000000; 0.000000; 0.000000; 1.000000; 2.000000; 38.000000; 1.000000; 2.000000; 0.000000; 0.000000; 
xalan-2.7.1; javax.xml.transform.sax.SAXResult; factory; 4; 8.000000; 3.000000; 0.000000; 0.000000; 1.000000; 8.000000; 1.000000; 4.000000; 0.722000; 0.000000; 
xalan-2.7.1; org.apache.xalan.xsltc.CollatorFactory; factory; 3; 2.000000; 0.000000; 0.000000; 0.000000; 0.000000; 2.000000; 0.000000; 1.000000; 0.000000; 0.000000; 
xalan-2.7.1; org.apache.xml.serializer.ObjectFactory; factory; 4; 0.000000; 0.000000; 0.000000; 10.000000; 5.000000; 58.000000; 1.000000; 0.000000; 0.000000; 0.000000; 
xalan-2.7.1; org.apache.xalan.processor.ProcessorTemplate; factory; 1; 1.000000; 0.000000; 0.000000; 0.000000; 1.000000; 1.000000; 5.000000; 0.000000; 0.000000; 0.000000; 
xalan-2.7.1; org.apache.xalan.lib.sql.ObjectFactory; factory; 4; 0.000000; 0.000000; 0.000000; 10.000000; 5.000000; 58.000000; 1.000000; 0.000000; 0.000000; 0.000000; 
xalan-2.7.1; org.apache.xalan.extensions.ObjectFactory; factory; 4; 0.000000; 0.000000; 0.000000; 10.000000; 5.000000; 58.000000; 1.000000; 0.000000; 0.000000; 0.000000; 
xalan-2.7.1; org.apache.xalan.xsltc.trax.SmartTransformerFactoryImpl; factory; 4; 21.000000; 6.000000; 0.000000; 0.000000; 1.000000; 68.000000; 3.000000; 0.000000; 0.700000; 0.000000; 
xalan-2.7.1; javax.xml.parsers.SAXParser; factory; 3; 20.000000; 0.000000; 0.000000; 0.000000; 1.000000; 34.000000; 1.000000; 2.000000; 0.000000; 0.000000; 
xalan-2.7.1; org.apache.xml.dtm.ref.DTMDocumentImpl; factory; 18; 110.000000; 20.000000; 0.000000; 0.000000; 4.000000; 193.000000; 1.000000; 0.000000; 0.910000; 0.000000; 
xalan-2.7.1; org.apache.xalan.xsltc.compiler.util.ObjectFactory; factory; 4; 0.000000; 0.000000; 0.000000; 10.000000; 5.000000; 58.000000; 1.000000; 0.000000; 0.000000; 0.000000; 
xalan-2.7.1; org.apache.xalan.lib.Extensions; factory; 2; 1.000000; 0.000000; 0.000000; 10.000000; 0.000000; 25.000000; 1.000000; 0.000000; 0.000000; 0.000000; 
xalan-2.7.1; org.apache.xalan.processor.ProcessorOutputElem; factory; 6; 13.000000; 1.000000; 1.000000; 0.000000; 1.000000; 15.000000; 4.000000; 0.000000; 0.000000; 0.308000; 
xalan-2.7.1; org.apache.xpath.objects.XNodeSet; factory; 7; 32.000000; 0.000000; 22.000000; 0.000000; 7.000000; 68.000000; 4.000000; 3.000000; 0.000000; 2.750000; 
xalan-2.7.1; org.apache.xalan.templates.ElemTemplateElement; factory; 6; 88.000000; 14.000000; 19.000000; 0.000000; 1.000000; 176.000000; 2.000000; 29.000000; 0.924000; 0.432000; 
xalan-2.7.1; org.apache.xpath.axes.FilterExprIteratorSimple; factory; 9; 13.000000; 4.000000; 3.000000; 1.000000; 1.000000; 25.000000; 5.000000; 0.000000; 0.795000; 1.154000; 
xalan-2.7.1; org.apache.xml.utils.FastStringBuffer; factory; 10; 26.000000; 9.000000; 1.000000; 2.000000; 7.000000; 122.000000; 1.000000; 0.000000; 0.454000; 0.038000; 
xalan-2.7.1; org.w3c.dom.bootstrap.DOMImplementationRegistry; factory; 7; 4.000000; 1.000000; 0.000000; 7.000000; 3.000000; 34.000000; 1.000000; 0.000000; 0.000000; 0.000000; 
xalan-2.7.1; org.apache.xalan.xsltc.runtime.output.TransletOutputHandlerFactory; factory; 2; 12.000000; 10.000000; 0.000000; 1.000000; 3.000000; 27.000000; 1.000000; 0.000000; 0.900000; 0.000000; 
xalan-2.7.1; javax.xml.xpath.XPathFactoryFinder; factory; 7; 7.000000; 1.000000; 0.000000; 3.000000; 7.000000; 53.000000; 1.000000; 0.000000; 0.000000; 0.000000; 
xalan-2.7.1; org.apache.xpath.axes.LocPathIterator; factory; 13; 52.000000; 12.000000; 8.000000; 0.000000; 1.000000; 79.000000; 4.000000; 8.000000; 0.870000; 0.615000; 
xalan-2.7.1; org.apache.xml.serializer.DOMSerializer; factory; 4; 1.000000; 0.000000; 0.000000; 0.000000; 0.000000; 1.000000; 0.000000; 2.000000; 0.000000; 0.000000; 
xalan-2.7.1; org.apache.xalan.xsltc.trax.TemplatesImpl; factory; 6; 18.000000; 10.000000; 0.000000; 0.000000; 2.000000; 39.000000; 1.000000; 0.000000; 0.836000; 0.000000; 
xalan-2.7.1; org.apache.xml.serializer.Serializer; factory; 2; 10.000000; 0.000000; 0.000000; 0.000000; 0.000000; 10.000000; 0.000000; 1.000000; 0.000000; 0.000000; 
xalan-2.7.1; org.apache.xml.serializer.Method; factory; 1; 1.000000; 0.000000; 0.000000; 0.000000; 5.000000; 1.000000; 1.000000; 0.000000; 0.000000; 0.000000; 
xalan-2.7.1; org.apache.xml.dtm.ref.DTMDefaultBaseIterators; factory; 11; 4.000000; 0.000000; 0.000000; 0.000000; 0.000000; 32.000000; 3.000000; 3.000000; 0.000000; 0.000000; 
xalan-2.7.1; org.apache.xalan.xsltc.compiler.Sort; factory; 2; 13.000000; 9.000000; 3.000000; 6.000000; 0.000000; 51.000000; 3.000000; 0.000000; 0.889000; 0.692000; 
xalan-2.7.1; javax.xml.parsers.DocumentBuilderFactory; factory; 8; 22.000000; 7.000000; 0.000000; 1.000000; 1.000000; 24.000000; 1.000000; 2.000000; 0.935000; 0.000000; 
xalan-2.7.1; org.apache.xalan.xsltc.trax.TransformerFactoryImpl; factory; 12; 32.000000; 15.000000; 0.000000; 0.000000; 11.000000; 186.000000; 3.000000; 0.000000; 0.879000; 0.000000; 
xalan-2.7.1; org.apache.xpath.jaxp.XPathImpl; factory; 6; 17.000000; 7.000000; 0.000000; 2.000000; 1.000000; 52.000000; 1.000000; 0.000000; 0.714000; 0.000000; 
xalan-2.7.1; org.apache.xalan.processor.XSLTElementDef; factory; 4; 35.000000; 15.000000; 0.000000; 2.000000; 3.000000; 94.000000; 1.000000; 1.000000; 0.923000; 0.000000; 
xalan-2.7.1; javax.xml.transform.dom.DOMSource; factory; 2; 7.000000; 2.000000; 0.000000; 0.000000; 1.000000; 7.000000; 1.000000; 0.000000; 0.500000; 0.000000; 
xalan-2.7.1; org.apache.xalan.xsltc.cmdline.ObjectFactory; factory; 4; 0.000000; 0.000000; 0.000000; 10.000000; 5.000000; 58.000000; 1.000000; 0.000000; 0.000000; 0.000000; 
xalan-2.7.1; javax.xml.transform.stream.StreamSource; factory; 2; 16.000000; 4.000000; 0.000000; 0.000000; 1.000000; 16.000000; 1.000000; 2.000000; 0.781000; 0.000000; 
xalan-2.7.1; org.apache.xalan.processor.ProcessorKey; factory; 1; 2.000000; 0.000000; 2.000000; 0.000000; 1.000000; 10.000000; 4.000000; 0.000000; 0.000000; 4.000000; 
xalan-2.7.1; org.apache.xml.utils.ObjectFactory; factory; 4; 0.000000; 0.000000; 0.000000; 10.000000; 5.000000; 58.000000; 1.000000; 0.000000; 0.000000; 0.000000; 
xalan-2.7.1; org.apache.xalan.xsltc.trax.TransformerImpl; factory; 7; 39.000000; 18.000000; 1.000000; 0.000000; 6.000000; 170.000000; 2.000000; 0.000000; 0.891000; 0.051000; 
xalan-2.7.1; org.apache.xpath.functions.ObjectFactory; factory; 4; 0.000000; 0.000000; 0.000000; 10.000000; 5.000000; 58.000000; 1.000000; 0.000000; 0.000000; 0.000000; 
xalan-2.7.1; org.apache.xalan.processor.ProcessorStripSpace; factory; 3; 1.000000; 0.000000; 1.000000; 0.000000; 1.000000; 2.000000; 5.000000; 0.000000; 0.000000; 5.000000; 
xalan-2.7.1; org.apache.xalan.processor.TransformerFactoryImpl; factory; 8; 23.000000; 7.000000; 0.000000; 0.000000; 4.000000; 113.000000; 3.000000; 0.000000; 0.810000; 0.000000; 
xalan-2.7.1; org.apache.xpath.axes.WalkingIterator; factory; 6; 17.000000; 2.000000; 3.000000; 0.000000; 1.000000; 36.000000; 5.000000; 1.000000; 0.400000; 0.882000; 
xalan-2.7.1; javax.xml.validation.Schema; factory; 3; 3.000000; 0.000000; 0.000000; 0.000000; 0.000000; 3.000000; 1.000000; 2.000000; 0.000000; 0.000000; 
xalan-2.7.1; org.apache.xalan.processor.StylesheetHandler; factory; 9; 76.000000; 28.000000; 17.000000; 0.000000; 3.000000; 146.000000; 2.000000; 0.000000; 0.966000; 0.447000; 
xalan-2.7.1; org.apache.xalan.xsltc.trax.ObjectFactory; factory; 4; 0.000000; 0.000000; 0.000000; 10.000000; 5.000000; 58.000000; 1.000000; 0.000000; 0.000000; 0.000000; 
xalan-2.7.1; org.apache.xalan.xsltc.dom.CollatorFactoryBase; factory; 4; 3.000000; 0.000000; 0.000000; 0.000000; 2.000000; 4.000000; 1.000000; 0.000000; 0.000000; 0.000000; 
xalan-2.7.1; org.apache.xalan.xsltc.dom.SortingIterator; factory; 4; 11.000000; 5.000000; 3.000000; 0.000000; 1.000000; 22.000000; 2.000000; 0.000000; 0.578000; 0.545000; 
xalan-2.7.1; org.apache.xml.dtm.ref.sax2dtm.SAX2DTM; factory; 8; 75.000000; 24.000000; 1.000000; 0.000000; 7.000000; 228.000000; 4.000000; 2.000000; 0.912000; 0.053000; 
xalan-2.7.1; org.apache.xml.dtm.ref.dom2dtm.DOM2DTM; factory; 9; 36.000000; 8.000000; 2.000000; 3.000000; 3.000000; 228.000000; 4.000000; 0.000000; 0.850000; 0.222000; 
xalan-2.7.1; org.apache.xml.dtm.ref.ObjectFactory; factory; 4; 0.000000; 0.000000; 0.000000; 10.000000; 5.000000; 58.000000; 1.000000; 0.000000; 0.000000; 0.000000; 
xalan-2.7.1; javax.xml.validation.SchemaFactory; factory; 8; 15.000000; 0.000000; 0.000000; 1.000000; 1.000000; 22.000000; 1.000000; 2.000000; 0.000000; 0.000000; 
xalan-2.7.1; org.apache.xpath.axes.UnionPathIterator; factory; 10; 15.000000; 2.000000; 5.000000; 1.000000; 1.000000; 59.000000; 5.000000; 0.000000; 0.450000; 1.667000; 
xalan-2.7.1; org.apache.xalan.xsltc.dom.NodeSortRecord; factory; 5; 10.000000; 10.000000; 0.000000; 0.000000; 5.000000; 20.000000; 1.000000; 0.000000; 0.757000; 0.000000; 
xalan-2.7.1; org.apache.xpath.operations.Variable; factory; 3; 15.000000; 4.000000; 2.000000; 0.000000; 2.000000; 40.000000; 2.000000; 1.000000; 0.675000; 0.267000; 
xalan-2.7.1; javax.xml.validation.Validator; factory; 1; 12.000000; 0.000000; 0.000000; 0.000000; 0.000000; 16.000000; 1.000000; 2.000000; 0.000000; 0.000000; 
xalan-2.7.1; org.apache.xalan.serialize.SerializerFactory; factory; 3; 1.000000; 0.000000; 0.000000; 1.000000; 0.000000; 2.000000; 1.000000; 0.000000; 0.000000; 0.000000; 
xalan-2.7.1; javax.xml.datatype.FactoryFinder; factory; 4; 0.000000; 0.000000; 0.000000; 6.000000; 6.000000; 34.000000; 1.000000; 0.000000; 0.000000; 0.000000; 
xalan-2.7.1; javax.xml.datatype.XMLGregorianCalendar; factory; 16; 39.000000; 0.000000; 4.000000; 0.000000; 0.000000; 44.000000; 1.000000; 2.000000; 0.000000; 0.103000; 
xalan-2.7.1; org.apache.xalan.trace.GenerateEvent; factory; 3; 5.000000; 8.000000; 0.000000; 0.000000; 0.000000; 5.000000; 1.000000; 0.000000; 0.000000; 0.000000; 
xalan-2.7.1; org.apache.xalan.processor.ProcessorStylesheetElement; factory; 2; 3.000000; 0.000000; 0.000000; 0.000000; 1.000000; 8.000000; 4.000000; 0.000000; 0.000000; 0.000000; 
xalan-2.7.1; org.apache.xpath.axes.FilterExprIterator; factory; 7; 12.000000; 4.000000; 2.000000; 0.000000; 1.000000; 17.000000; 6.000000; 0.000000; 0.800000; 1.000000; 
xalan-2.7.1; org.apache.xalan.processor.ProcessorNamespaceAlias; factory; 5; 1.000000; 0.000000; 1.000000; 0.000000; 1.000000; 5.000000; 4.000000; 0.000000; 0.000000; 4.000000; 
xalan-2.7.1; org.apache.xml.serializer.SerializerFactory; factory; 3; 1.000000; 0.000000; 0.000000; 1.000000; 1.000000; 8.000000; 1.000000; 0.000000; 0.000000; 0.000000; 
xalan-2.7.1; org.apache.xpath.jaxp.XPathFactoryImpl; factory; 8; 6.000000; 3.000000; 0.000000; 0.000000; 1.000000; 15.000000; 2.000000; 0.000000; 0.667000; 0.000000; 
xalan-2.7.1; org.apache.xalan.xsltc.dom.ObjectFactory; factory; 4; 0.000000; 0.000000; 0.000000; 10.000000; 5.000000; 58.000000; 1.000000; 0.000000; 0.000000; 0.000000; 
xalan-2.7.1; javax.xml.parsers.DocumentBuilder; factory; 8; 15.000000; 0.000000; 0.000000; 0.000000; 1.000000; 20.000000; 1.000000; 2.000000; 0.000000; 0.000000; 
xalan-2.7.1; org.apache.xpath.axes.AxesWalker; factory; 4; 26.000000; 8.000000; 1.000000; 1.000000; 1.000000; 53.000000; 4.000000; 2.000000; 0.824000; 0.154000; 
xalan-2.7.1; javax.xml.transform.TransformerFactory; factory; 5; 13.000000; 0.000000; 0.000000; 1.000000; 0.000000; 15.000000; 1.000000; 1.000000; 0.000000; 0.000000; 
xalan-2.7.1; org.apache.xalan.trace.SelectionEvent; factory; 2; 1.000000; 6.000000; 0.000000; 0.000000; 0.000000; 1.000000; 1.000000; 1.000000; 0.000000; 0.000000; 
xalan-2.7.1; org.apache.xalan.xslt.EnvironmentCheck; factory; 12; 16.000000; 2.000000; 0.000000; 1.000000; 8.000000; 93.000000; 1.000000; 0.000000; 0.750000; 0.000000; 
xalan-2.7.1; org.apache.xalan.templates.AVTPartXPath; factory; 7; 7.000000; 1.000000; 1.000000; 0.000000; 1.000000; 8.000000; 2.000000; 0.000000; 0.000000; 0.286000; 
xalan-2.7.1; javax.xml.transform.Transformer; factory; 4; 14.000000; 0.000000; 0.000000; 0.000000; 0.000000; 14.000000; 1.000000; 5.000000; 0.000000; 0.000000; 
xalan-2.7.1; org.apache.xalan.xsltc.compiler.util.NodeSortRecordFactGenerator; factory; 5; 2.000000; 0.000000; 1.000000; 0.000000; 0.000000; 2.000000; 4.000000; 0.000000; 0.000000; 2.000000; 
xalan-2.7.1; org.apache.xalan.client.XSLTProcessorApplet; factory; 12; 24.000000; 20.000000; 7.000000; 0.000000; 1.000000; 48.000000; 5.000000; 0.000000; 0.926000; 1.458000; 
xalan-2.7.1; org.apache.xml.utils.XMLReaderManager; factory; 6; 3.000000; 2.000000; 0.000000; 1.000000; 4.000000; 19.000000; 1.000000; 0.000000; 0.000000; 0.000000; 
xalan-2.7.1; org.apache.xpath.axes.WalkerFactory; factory; 7; 0.000000; 0.000000; 0.000000; 50.000000; 26.000000; 350.000000; 1.000000; 0.000000; 0.000000; 0.000000; 
xalan-2.7.1; javax.xml.xpath.XPathFactoryConfigurationException; factory; 7; 2.000000; 0.000000; 0.000000; 0.000000; 1.000000; 2.000000; 4.000000; 0.000000; 0.000000; 0.000000; 
xalan-2.7.1; org.apache.xml.dtm.ref.DTMDefaultBaseTraversers; factory; 9; 3.000000; 0.000000; 0.000000; 0.000000; 0.000000; 27.000000; 2.000000; 1.000000; 0.000000; 0.000000; 
xalan-2.7.1; javax.xml.datatype.Duration; factory; 9; 27.000000; 0.000000; 3.000000; 1.000000; 1.000000; 63.000000; 1.000000; 2.000000; 0.000000; 0.111000; 
xalan-2.7.1; org.w3c.dom.ls.DOMImplementationLS; factory; 9; 4.000000; 0.000000; 0.000000; 0.000000; 2.000000; 4.000000; 0.000000; 2.000000; 0.000000; 0.000000; 
xalan-2.7.1; org.apache.xalan.xsltc.compiler.util.Type; factory; 2; 31.000000; 0.000000; 1.000000; 2.000000; 16.000000; 39.000000; 1.000000; 10.000000; 0.000000; 0.032000; 
xalan-2.7.1; org.apache.xalan.transformer.TransformerIdentityImpl; factory; 5; 45.000000; 15.000000; 1.000000; 0.000000; 0.000000; 141.000000; 2.000000; 0.000000; 0.906000; 0.044000; 
xalan-2.7.1; org.apache.xpath.objects.XObjectFactory; factory; 2; 0.000000; 0.000000; 0.000000; 2.000000; 0.000000; 18.000000; 1.000000; 0.000000; 0.000000; 0.000000; 
xalan-2.7.1; org.apache.xalan.templates.OutputProperties; factory; 5; 31.000000; 1.000000; 1.000000; 4.000000; 1.000000; 59.000000; 3.000000; 0.000000; 0.000000; 0.097000; 
xalan-2.7.1; org.apache.xalan.xsltc.compiler.Constants; factory; 3; 0.000000; 5.000000; 0.000000; 0.000000; 223.000000; 0.000000; 0.000000; 5.000000; 0.000000; 0.000000; 
xalan-2.7.1; org.apache.xpath.jaxp.XPathExpressionImpl; factory; 4; 12.000000; 5.000000; 0.000000; 1.000000; 3.000000; 37.000000; 1.000000; 0.000000; 0.533000; 0.000000; 
xalan-2.7.1; org.apache.xml.utils.XMLStringFactoryDefault; factory; 6; 4.000000; 0.000000; 0.000000; 0.000000; 1.000000; 4.000000; 2.000000; 0.000000; 0.000000; 0.000000; 
xalan-2.7.1; org.apache.xpath.axes.PathComponent; factory; 3; 1.000000; 0.000000; 0.000000; 0.000000; 0.000000; 1.000000; 0.000000; 5.000000; 0.000000; 0.000000; 
xalan-2.7.1; org.apache.xml.utils.DOMHelper; factory; 11; 16.000000; 3.000000; 0.000000; 9.000000; 6.000000; 138.000000; 1.000000; 1.000000; 0.833000; 0.000000; 
xalan-2.7.1; org.apache.xalan.lib.ObjectFactory; factory; 4; 0.000000; 0.000000; 0.000000; 10.000000; 5.000000; 58.000000; 1.000000; 0.000000; 0.000000; 0.000000; 
xalan-2.7.1; javax.xml.validation.SchemaFactoryFinder; factory; 5; 8.000000; 1.000000; 0.000000; 3.000000; 7.000000; 55.000000; 1.000000; 0.000000; 0.000000; 0.000000; 
xalan-2.7.1; org.xml.sax.helpers.XMLReaderFactory; factory; 7; 1.000000; 0.000000; 0.000000; 3.000000; 2.000000; 19.000000; 1.000000; 0.000000; 0.000000; 0.000000; 
xalan-2.7.1; org.apache.xalan.xsltc.dom.XSLTCDTMManager; factory; 3; 6.000000; 0.000000; 1.000000; 2.000000; 4.000000; 35.000000; 3.000000; 0.000000; 0.000000; 0.500000; 
xalan-2.7.1; org.apache.xml.serializer.DOM3Serializer; factory; 8; 6.000000; 0.000000; 0.000000; 0.000000; 0.000000; 6.000000; 0.000000; 1.000000; 0.000000; 0.000000; 
xalan-2.7.1; org.apache.xalan.templates.ElemExtensionDecl; factory; 6; 14.000000; 3.000000; 4.000000; 0.000000; 1.000000; 32.000000; 3.000000; 0.000000; 0.700000; 0.857000; 
xalan-2.7.1; org.w3c.dom.ls.LSOutput; factory; 5; 8.000000; 0.000000; 0.000000; 0.000000; 0.000000; 8.000000; 0.000000; 3.000000; 0.000000; 0.000000; 
xalan-2.7.1; org.apache.xalan.xsltc.dom.NodeSortRecordFactory; factory; 5; 5.000000; 5.000000; 0.000000; 0.000000; 2.000000; 16.000000; 1.000000; 0.000000; 0.700000; 0.000000; 
xalan-2.7.1; javax.xml.parsers.FactoryFinder; factory; 5; 0.000000; 0.000000; 0.000000; 4.000000; 5.000000; 30.000000; 1.000000; 0.000000; 0.000000; 0.000000; 
xalan-2.7.1; org.apache.xalan.trace.TracerEvent; factory; 4; 1.000000; 4.000000; 0.000000; 2.000000; 0.000000; 11.000000; 1.000000; 0.000000; 0.000000; 0.000000; 
xalan-2.7.1; org.apache.xalan.processor.ProcessorInclude; factory; 1; 9.000000; 1.000000; 1.000000; 0.000000; 1.000000; 33.000000; 4.000000; 1.000000; 0.000000; 0.444000; 
xalan-2.7.1; org.apache.xml.serializer.OutputPropertiesFactory; factory; 10; 0.000000; 0.000000; 0.000000; 4.000000; 26.000000; 33.000000; 1.000000; 0.000000; 0.000000; 0.000000; 
xalan-2.7.1; org.apache.xalan.lib.NodeInfo; factory; 4; 0.000000; 0.000000; 0.000000; 8.000000; 0.000000; 24.000000; 1.000000; 0.000000; 0.000000; 0.000000; 
xalan-2.7.1; org.apache.xalan.xsltc.compiler.ObjectFactory; factory; 4; 0.000000; 0.000000; 0.000000; 10.000000; 5.000000; 58.000000; 1.000000; 0.000000; 0.000000; 0.000000; 
xalan-2.7.1; org.apache.xalan.xsltc.runtime.ObjectFactory; factory; 4; 0.000000; 0.000000; 0.000000; 10.000000; 5.000000; 58.000000; 1.000000; 0.000000; 0.000000; 0.000000; 
xalan-2.7.1; javax.xml.parsers.SAXParserFactory; factory; 8; 12.000000; 2.000000; 0.000000; 1.000000; 1.000000; 14.000000; 1.000000; 2.000000; 0.667000; 0.000000; 
xalan-2.7.1; org.apache.xml.serializer.utils.MsgKey; factory; 4; 0.000000; 0.000000; 0.000000; 0.000000; 61.000000; 0.000000; 1.000000; 0.000000; 0.000000; 0.000000; 
xalan-2.7.1; org.apache.xml.serializer.CharInfo; factory; 7; 13.000000; 7.000000; 0.000000; 5.000000; 15.000000; 63.000000; 1.000000; 0.000000; 0.810000; 0.000000; 
xalan-2.7.1; org.apache.xml.dtm.ref.CoroutineParser; factory; 6; 8.000000; 0.000000; 0.000000; 0.000000; 0.000000; 8.000000; 0.000000; 0.000000; 0.000000; 0.000000; 
xalan-2.7.1; javax.xml.transform.FactoryFinder; factory; 5; 0.000000; 0.000000; 0.000000; 4.000000; 5.000000; 30.000000; 1.000000; 0.000000; 0.000000; 0.000000; 
xalan-2.7.1; org.apache.xml.serializer.dom3.DOMOutputImpl; factory; 7; 9.000000; 4.000000; 0.000000; 0.000000; 0.000000; 9.000000; 1.000000; 0.000000; 0.857000; 0.000000; 
xalan-2.7.1; javax.xml.transform.TransformerFactoryConfigurationError; factory; 6; 6.000000; 1.000000; 0.000000; 0.000000; 0.000000; 8.000000; 3.000000; 0.000000; 0.000000; 0.000000; 
xalan-2.7.1; org.apache.xalan.processor.ProcessorPreserveSpace; factory; 4; 1.000000; 0.000000; 1.000000; 0.000000; 1.000000; 2.000000; 4.000000; 1.000000; 0.000000; 4.000000; 
xalan-2.7.1; org.apache.xalan.xsltc.trax.TemplatesHandlerImpl; factory; 2; 17.000000; 6.000000; 0.000000; 0.000000; 0.000000; 34.000000; 1.000000; 0.000000; 0.812000; 0.000000; 
xalan-2.7.1; org.apache.xpath.functions.FuncSystemProperty; factory; 1; 2.000000; 0.000000; 1.000000; 0.000000; 2.000000; 15.000000; 4.000000; 0.000000; 0.000000; 2.000000; 
xalan-2.7.1; org.apache.xpath.axes.FilterExprWalker; factory; 9; 16.000000; 4.000000; 6.000000; 0.000000; 1.000000; 31.000000; 5.000000; 0.000000; 0.731000; 1.875000; 
xalan-2.7.1; org.apache.xalan.trace.EndSelectionEvent; factory; 3; 1.000000; 0.000000; 0.000000; 0.000000; 0.000000; 1.000000; 2.000000; 0.000000; 0.000000; 0.000000; 
xalan-2.7.1; org.apache.xalan.transformer.NodeSorter; factory; 2; 4.000000; 2.000000; 0.000000; 0.000000; 0.000000; 31.000000; 1.000000; 0.000000; 0.500000; 0.000000; 
xalan-2.7.1; org.xml.sax.helpers.ParserFactory; factory; 6; 1.000000; 0.000000; 0.000000; 2.000000; 0.000000; 4.000000; 1.000000; 0.000000; 0.000000; 0.000000; 
xalan-2.7.1; org.apache.xml.dtm.ObjectFactory; factory; 4; 0.000000; 0.000000; 0.000000; 10.000000; 5.000000; 58.000000; 1.000000; 0.000000; 0.000000; 0.000000; 
xalan-2.7.1; org.apache.xalan.xslt.ObjectFactory; factory; 4; 0.000000; 0.000000; 0.000000; 10.000000; 5.000000; 58.000000; 1.000000; 0.000000; 0.000000; 0.000000; 
xalan-2.7.1; javax.xml.parsers.FactoryConfigurationError; factory; 5; 6.000000; 1.000000; 0.000000; 0.000000; 0.000000; 8.000000; 3.000000; 0.000000; 0.000000; 0.000000; 
xalan-2.7.1; javax.xml.transform.sax.SAXSource; factory; 6; 9.000000; 2.000000; 0.000000; 1.000000; 1.000000; 14.000000; 1.000000; 5.000000; 0.500000; 0.000000; 
xalan-2.7.1; org.apache.xpath.XPathFactory; factory; 2; 1.000000; 0.000000; 0.000000; 0.000000; 0.000000; 1.000000; 0.000000; 0.000000; 0.000000; 0.000000; 
xalan-2.7.1; org.w3c.dom.ls.LSInput; factory; 7; 16.000000; 0.000000; 0.000000; 0.000000; 0.000000; 16.000000; 0.000000; 3.000000; 0.000000; 0.000000; 
xalan-2.7.1; org.apache.xml.utils.Hashtree2Node; factory; 6; 0.000000; 0.000000; 0.000000; 1.000000; 0.000000; 11.000000; 1.000000; 0.000000; 0.000000; 0.000000; 
xalan-2.7.1; org.apache.xpath.objects.XMLStringFactoryImpl; factory; 1; 4.000000; 0.000000; 0.000000; 1.000000; 1.000000; 5.000000; 2.000000; 0.000000; 0.000000; 0.000000; 
xalan-2.7.1; javax.xml.transform.dom.DOMResult; factory; 8; 11.000000; 3.000000; 0.000000; 0.000000; 1.000000; 23.000000; 1.000000; 1.000000; 0.556000; 0.000000; 
xalan-2.7.1; org.apache.xalan.transformer.TransformerImpl; factory; 14; 136.000000; 43.000000; 1.000000; 1.000000; 0.000000; 334.000000; 2.000000; 0.000000; 0.973000; 0.015000; 
xerces-2.10.0; org.apache.xerces.dom.CharacterDataImpl; factory; 11; 17.000000; 1.000000; 4.000000; 0.000000; 2.000000; 43.000000; 3.000000; 3.000000; 0.000000; 0.706000; 
xerces-2.10.0; org.apache.xerces.dom.EntityImpl; factory; 5; 18.000000; 8.000000; 1.000000; 0.000000; 1.000000; 34.000000; 4.000000; 1.000000; 0.925000; 0.222000; 
xerces-2.10.0; org.apache.xerces.impl.xs.traversers.XSDHandler; factory; 9; 120.000000; 80.000000; 0.000000; 0.000000; 40.000000; 729.000000; 1.000000; 0.000000; 0.963000; 0.000000; 
xerces-2.10.0; org.apache.xerces.parsers.XML11NonValidatingConfiguration; factory; 1; 35.000000; 30.000000; 0.000000; 0.000000; 20.000000; 133.000000; 2.000000; 0.000000; 0.940000; 0.000000; 
xerces-2.10.0; org.apache.xerces.dom.AttrImpl; factory; 10; 46.000000; 3.000000; 13.000000; 0.000000; 2.000000; 156.000000; 2.000000; 2.000000; 0.698000; 0.565000; 
xerces-2.10.0; org.apache.xerces.impl.dtd.XMLDTDProcessor; factory; 1; 52.000000; 26.000000; 0.000000; 1.000000; 14.000000; 227.000000; 1.000000; 1.000000; 0.898000; 0.000000; 
xerces-2.10.0; org.apache.xerces.jaxp.validation.XMLSchemaFactory; factory; 6; 14.000000; 8.000000; 4.000000; 0.000000; 5.000000; 62.000000; 2.000000; 0.000000; 0.750000; 0.571000; 
xerces-2.10.0; org.apache.html.dom.ObjectFactory; factory; 4; 0.000000; 0.000000; 0.000000; 8.000000; 5.000000; 61.000000; 1.000000; 0.000000; 0.000000; 0.000000; 
xerces-2.10.0; org.apache.xerces.impl.XMLDocumentFragmentScannerImpl; factory; 14; 33.000000; 26.000000; 0.000000; 0.000000; 21.000000; 182.000000; 2.000000; 1.000000; 0.898000; 0.000000; 
xerces-2.10.0; org.apache.xerces.impl.xs.identity.Field; factory; 3; 5.000000; 2.000000; 1.000000; 0.000000; 0.000000; 5.000000; 1.000000; 0.000000; 0.500000; 0.200000; 
xerces-2.10.0; org.apache.xerces.impl.dv.xs.FullDVFactory; factory; 7; 2.000000; 0.000000; 2.000000; 1.000000; 2.000000; 3.000000; 3.000000; 0.000000; 0.000000; 3.000000; 
xerces-2.10.0; org.apache.xerces.dom.NotationImpl; factory; 7; 9.000000; 4.000000; 1.000000; 0.000000; 1.000000; 21.000000; 2.000000; 1.000000; 0.857000; 0.222000; 
xerces-2.10.0; org.apache.xerces.parsers.IntegratedParserConfiguration; factory; 7; 7.000000; 3.000000; 3.000000; 0.000000; 0.000000; 18.000000; 5.000000; 0.000000; 0.500000; 2.143000; 
xerces-2.10.0; org.apache.xerces.impl.dtd.XMLNSDTDValidator; factory; 7; 2.000000; 1.000000; 2.000000; 0.000000; 0.000000; 35.000000; 2.000000; 0.000000; 0.000000; 2.000000; 
xerces-2.10.0; org.apache.xerces.impl.dv.DTDDVFactory; factory; 6; 3.000000; 0.000000; 0.000000; 2.000000; 1.000000; 6.000000; 1.000000; 1.000000; 0.000000; 0.000000; 
xerces-2.10.0; org.apache.xerces.parsers.XML11DTDConfiguration; factory; 2; 35.000000; 36.000000; 0.000000; 0.000000; 24.000000; 134.000000; 2.000000; 0.000000; 0.946000; 0.000000; 
xerces-2.10.0; org.apache.xerces.parsers.ObjectFactory; factory; 4; 0.000000; 0.000000; 0.000000; 8.000000; 5.000000; 61.000000; 1.000000; 0.000000; 0.000000; 0.000000; 
xerces-2.10.0; org.apache.xerces.jaxp.validation.StAXEventResultBuilder; factory; 7; 36.000000; 7.000000; 0.000000; 0.000000; 1.000000; 46.000000; 1.000000; 0.000000; 0.743000; 0.000000; 
xerces-2.10.0; org.apache.xerces.parsers.StandardParserConfiguration; factory; 10; 7.000000; 1.000000; 0.000000; 0.000000; 20.000000; 27.000000; 4.000000; 2.000000; 0.000000; 0.000000; 
xerces-2.10.0; org.apache.xerces.dom.DOMOutputImpl; factory; 7; 9.000000; 4.000000; 0.000000; 0.000000; 0.000000; 9.000000; 1.000000; 0.000000; 0.857000; 0.000000; 
xerces-2.10.0; org.apache.xerces.impl.dv.xs.ExtendedSchemaDVFactoryImpl; factory; 9; 2.000000; 0.000000; 0.000000; 1.000000; 1.000000; 3.000000; 3.000000; 0.000000; 0.000000; 0.000000; 
xerces-2.10.0; org.apache.xerces.impl.dv.dtd.DTDDVFactoryImpl; factory; 8; 2.000000; 0.000000; 0.000000; 1.000000; 1.000000; 3.000000; 2.000000; 1.000000; 0.000000; 0.000000; 
xerces-2.10.0; org.apache.xerces.parsers.AbstractDOMParser; factory; 2; 46.000000; 36.000000; 33.000000; 0.000000; 15.000000; 379.000000; 3.000000; 2.000000; 0.825000; 2.152000; 
xerces-2.10.0; org.apache.xerces.impl.dv.xs.BaseDVFactory; factory; 7; 5.000000; 0.000000; 0.000000; 1.000000; 2.000000; 6.000000; 2.000000; 1.000000; 0.000000; 0.000000; 
xerces-2.10.0; org.apache.xerces.jaxp.datatype.DatatypeFactoryImpl; factory; 17; 9.000000; 0.000000; 1.000000; 0.000000; 0.000000; 9.000000; 2.000000; 0.000000; 0.000000; 0.222000; 
xerces-2.10.0; org.apache.xerces.dom.ElementImpl; factory; 11; 53.000000; 2.000000; 5.000000; 0.000000; 1.000000; 208.000000; 4.000000; 4.000000; 0.431000; 0.377000; 
xerces-2.10.0; org.apache.xerces.impl.XMLDocumentScannerImpl; factory; 13; 14.000000; 19.000000; 2.000000; 0.000000; 15.000000; 60.000000; 3.000000; 2.000000; 0.947000; 0.429000; 
xerces-2.10.0; org.apache.xerces.dom.ASModelImpl; factory; 10; 40.000000; 3.000000; 0.000000; 0.000000; 0.000000; 40.000000; 1.000000; 0.000000; 0.714000; 0.000000; 
xerces-2.10.0; org.apache.xerces.impl.xs.models.CMBuilder; factory; 7; 12.000000; 4.000000; 0.000000; 0.000000; 1.000000; 86.000000; 1.000000; 0.000000; 0.636000; 0.000000; 
xerces-2.10.0; org.apache.xerces.dom.DeferredDocumentImpl; factory; 11; 78.000000; 15.000000; 3.000000; 2.000000; 9.000000; 262.000000; 6.000000; 0.000000; 0.844000; 0.231000; 
xerces-2.10.0; org.apache.xerces.impl.xs.XMLSchemaValidator; factory; 14; 63.000000; 83.000000; 0.000000; 0.000000; 49.000000; 483.000000; 1.000000; 0.000000; 0.946000; 0.000000; 
xerces-2.10.0; org.apache.xerces.dom.ObjectFactory; factory; 4; 0.000000; 0.000000; 0.000000; 8.000000; 5.000000; 61.000000; 1.000000; 0.000000; 0.000000; 0.000000; 
xerces-2.10.0; org.apache.xerces.impl.xs.XSDeclarationPool; factory; 5; 16.000000; 15.000000; 0.000000; 7.000000; 4.000000; 44.000000; 1.000000; 0.000000; 0.933000; 0.000000; 
xerces-2.10.0; org.apache.xerces.jaxp.validation.StreamValidatorHelper; factory; 3; 3.000000; 5.000000; 0.000000; 0.000000; 8.000000; 17.000000; 1.000000; 0.000000; 0.500000; 0.000000; 
xerces-2.10.0; org.apache.xerces.impl.dv.xs.AbstractDateTimeDV; factory; 11; 35.000000; 0.000000; 2.000000; 0.000000; 5.000000; 180.000000; 2.000000; 8.000000; 0.000000; 0.114000; 
xerces-2.10.0; org.apache.xml.serialize.Serializer; factory; 1; 6.000000; 0.000000; 0.000000; 0.000000; 0.000000; 6.000000; 0.000000; 1.000000; 0.000000; 0.000000; 
xerces-2.10.0; org.apache.xerces.impl.xs.XMLSchemaLoader; factory; 4; 37.000000; 23.000000; 0.000000; 4.000000; 26.000000; 193.000000; 1.000000; 0.000000; 0.872000; 0.000000; 
xerces-2.10.0; org.apache.xerces.impl.Constants; factory; 4; 1.000000; 0.000000; 0.000000; 6.000000; 145.000000; 13.000000; 1.000000; 0.000000; 0.000000; 0.000000; 
xerces-2.10.0; org.apache.xerces.impl.dv.dtd.XML11DTDDVFactoryImpl; factory; 9; 2.000000; 0.000000; 2.000000; 0.000000; 1.000000; 4.000000; 3.000000; 0.000000; 0.000000; 3.000000; 
xerces-2.10.0; org.apache.xerces.dom.ProcessingInstructionImpl; factory; 10; 5.000000; 1.000000; 1.000000; 0.000000; 1.000000; 8.000000; 4.000000; 1.000000; 0.000000; 0.800000; 
xerces-2.10.0; org.apache.xerces.dom.CommentImpl; factory; 7; 3.000000; 0.000000; 0.000000; 0.000000; 1.000000; 3.000000; 4.000000; 1.000000; 0.000000; 0.000000; 
xerces-2.10.0; org.apache.xerces.impl.dv.DVFactoryException; factory; 4; 2.000000; 0.000000; 0.000000; 0.000000; 1.000000; 2.000000; 4.000000; 0.000000; 0.000000; 0.000000; 
xerces-2.10.0; org.apache.xerces.dom.ElementDefinitionImpl; factory; 2; 5.000000; 2.000000; 1.000000; 0.000000; 1.000000; 7.000000; 4.000000; 1.000000; 0.500000; 0.800000; 
xerces-2.10.0; org.apache.xerces.impl.dv.xs.SchemaDVFactoryImpl; factory; 8; 2.000000; 0.000000; 0.000000; 1.000000; 1.000000; 3.000000; 3.000000; 0.000000; 0.000000; 0.000000; 
xerces-2.10.0; org.apache.xerces.jaxp.datatype.XMLGregorianCalendarImpl; factory; 10; 53.000000; 18.000000; 7.000000; 16.000000; 25.000000; 313.000000; 2.000000; 0.000000; 0.846000; 0.264000; 
xerces-2.10.0; org.apache.xerces.parsers.XMLGrammarParser; factory; 3; 1.000000; 1.000000; 0.000000; 0.000000; 0.000000; 1.000000; 2.000000; 1.000000; 0.000000; 0.000000; 
xerces-2.10.0; org.apache.xerces.stax.XMLEventFactoryImpl; factory; 6; 28.000000; 1.000000; 0.000000; 0.000000; 0.000000; 28.000000; 2.000000; 0.000000; 0.000000; 0.000000; 
xerces-2.10.0; org.apache.xerces.dom.PSVIDocumentImpl; factory; 9; 11.000000; 0.000000; 6.000000; 0.000000; 1.000000; 11.000000; 6.000000; 0.000000; 0.000000; 3.273000; 
xerces-2.10.0; org.apache.xerces.dom.CDATASectionImpl; factory; 11; 3.000000; 0.000000; 2.000000; 0.000000; 1.000000; 3.000000; 5.000000; 1.000000; 0.000000; 3.333000; 
xerces-2.10.0; org.apache.xerces.parsers.XML11Configuration; factory; 1; 37.000000; 36.000000; 0.000000; 0.000000; 52.000000; 161.000000; 2.000000; 3.000000; 0.941000; 0.000000; 
xerces-2.10.0; org.apache.xml.serialize.SerializerFactory; factory; 4; 4.000000; 0.000000; 0.000000; 2.000000; 2.000000; 6.000000; 1.000000; 1.000000; 0.000000; 0.000000; 
xerces-2.10.0; org.apache.xerces.impl.dv.xs.BaseSchemaDVFactory; factory; 7; 5.000000; 1.000000; 0.000000; 1.000000; 1.000000; 9.000000; 2.000000; 2.000000; 0.000000; 0.000000; 
xerces-2.10.0; org.apache.xerces.xinclude.ObjectFactory; factory; 4; 0.000000; 0.000000; 0.000000; 8.000000; 5.000000; 61.000000; 1.000000; 0.000000; 0.000000; 0.000000; 
xerces-2.10.0; org.apache.xerces.parsers.CachingParserPool; factory; 6; 7.000000; 4.000000; 0.000000; 0.000000; 2.000000; 11.000000; 1.000000; 0.000000; 0.550000; 0.000000; 
xerces-2.10.0; org.apache.xerces.impl.xs.models.CMNodeFactory; factory; 5; 10.000000; 4.000000; 0.000000; 0.000000; 4.000000; 20.000000; 1.000000; 0.000000; 0.417000; 0.000000; 
xerces-2.10.0; org.apache.xerces.dom.EntityReferenceImpl; factory; 17; 9.000000; 2.000000; 3.000000; 0.000000; 1.000000; 35.000000; 4.000000; 1.000000; 0.667000; 1.333000; 
xerces-2.10.0; org.apache.xerces.dom.DocumentTypeImpl; factory; 13; 22.000000; 9.000000; 5.000000; 0.000000; 1.000000; 79.000000; 4.000000; 1.000000; 0.863000; 0.909000; 
xerces-2.10.0; org.apache.xerces.jaxp.SAXParserFactoryImpl; factory; 7; 8.000000; 4.000000; 4.000000; 0.000000; 3.000000; 25.000000; 2.000000; 0.000000; 0.750000; 1.000000; 
xerces-2.10.0; org.apache.xerces.dom.DocumentImpl; factory; 13; 60.000000; 7.000000; 26.000000; 0.000000; 1.000000; 215.000000; 5.000000; 4.000000; 0.842000; 2.167000; 
xerces-2.10.0; org.apache.xerces.dom.NodeImpl; factory; 11; 84.000000; 2.000000; 1.000000; 0.000000; 25.000000; 269.000000; 1.000000; 3.000000; 0.500000; 0.012000; 
xerces-2.10.0; org.apache.xerces.impl.dtd.XML11NSDTDValidator; factory; 7; 2.000000; 1.000000; 2.000000; 0.000000; 0.000000; 33.000000; 3.000000; 0.000000; 0.000000; 3.000000; 
xerces-2.10.0; org.apache.xerces.impl.dtd.XMLDTDValidator; factory; 8; 49.000000; 48.000000; 0.000000; 0.000000; 18.000000; 261.000000; 1.000000; 2.000000; 0.922000; 0.000000; 
xerces-2.10.0; org.apache.xml.serialize.ObjectFactory; factory; 4; 0.000000; 0.000000; 0.000000; 8.000000; 5.000000; 61.000000; 1.000000; 0.000000; 0.000000; 0.000000; 
xerces-2.10.0; org.apache.xerces.jaxp.DocumentBuilderImpl; factory; 5; 16.000000; 8.000000; 3.000000; 0.000000; 9.000000; 42.000000; 2.000000; 0.000000; 0.812000; 0.375000; 
xerces-2.10.0; org.apache.xerces.parsers.DTDConfiguration; factory; 11; 25.000000; 13.000000; 0.000000; 0.000000; 22.000000; 90.000000; 3.000000; 1.000000; 0.901000; 0.000000; 
xerces-2.10.0; org.apache.xerces.jaxp.DocumentBuilderFactoryImpl; factory; 6; 9.000000; 5.000000; 4.000000; 0.000000; 7.000000; 45.000000; 2.000000; 0.000000; 0.650000; 0.889000; 
xerces-2.10.0; org.apache.xerces.dom.CoreDocumentImpl; factory; 17; 127.000000; 21.000000; 8.000000; 2.000000; 2.000000; 372.000000; 4.000000; 1.000000; 0.947000; 0.252000; 
xerces-2.10.0; org.apache.xerces.dom.ParentNode; factory; 9; 34.000000; 3.000000; 15.000000; 0.000000; 1.000000; 140.000000; 3.000000; 7.000000; 0.467000; 1.324000; 
xerces-2.10.0; org.apache.xerces.impl.dv.ObjectFactory; factory; 4; 0.000000; 0.000000; 0.000000; 8.000000; 5.000000; 61.000000; 1.000000; 0.000000; 0.000000; 0.000000; 
xerces-2.10.0; org.apache.xerces.dom.DocumentFragmentImpl; factory; 10; 5.000000; 0.000000; 1.000000; 0.000000; 1.000000; 13.000000; 4.000000; 0.000000; 0.000000; 0.800000; 
xerces-2.10.0; org.apache.xerces.dom3.as.ASModel; factory; 6; 20.000000; 0.000000; 0.000000; 0.000000; 0.000000; 20.000000; 0.000000; 1.000000; 0.000000; 0.000000; 
xerces-2.10.0; org.apache.xerces.dom.TextImpl; factory; 6; 19.000000; 0.000000; 0.000000; 0.000000; 1.000000; 92.000000; 4.000000; 2.000000; 0.000000; 0.000000; 
xerces-2.10.0; org.apache.xerces.parsers.NonValidatingConfiguration; factory; 14; 23.000000; 13.000000; 0.000000; 0.000000; 22.000000; 83.000000; 3.000000; 0.000000; 0.932000; 0.000000; 
xerces-2.10.0; org.apache.xerces.impl.dtd.XMLDTDLoader; factory; 4; 21.000000; 6.000000; 4.000000; 0.000000; 7.000000; 59.000000; 2.000000; 1.000000; 0.697000; 0.381000; 
xerces-2.10.0; org.apache.xerces.impl.xs.identity.Selector; factory; 2; 5.000000; 3.000000; 1.000000; 0.000000; 0.000000; 5.000000; 1.000000; 0.000000; 0.750000; 0.200000; 
xerces-2.10.0; org.apache.xerces.jaxp.SAXParserImpl; factory; 6; 17.000000; 9.000000; 5.000000; 0.000000; 6.000000; 34.000000; 2.000000; 0.000000; 0.881000; 0.588000; 
xerces-2.10.0; org.apache.xerces.dom.ChildNode; factory; 2; 8.000000; 2.000000; 5.000000; 0.000000; 1.000000; 12.000000; 2.000000; 2.000000; 0.500000; 1.250000; 
xerces-2.10.0; org.apache.xml.serialize.SerializerFactoryImpl; factory; 6; 6.000000; 1.000000; 0.000000; 0.000000; 0.000000; 14.000000; 2.000000; 0.000000; 0.000000; 0.000000; 
xerces-2.10.0; org.apache.xerces.impl.xs.opti.SchemaParsingConfig; factory; 10; 23.000000; 19.000000; 0.000000; 0.000000; 23.000000; 104.000000; 3.000000; 0.000000; 0.870000; 0.000000; 
